sample_index,true_class,pred_class,pred_confidence,true_confidence
8435,child,on,10.36693,1.9127879
7727,donkey,boy,10.211683,1.5925481
8775,cereal,weus,10.208797,2.8730295
8483,airplane,stairs,10.168207,0.21217625
7761,dog,later,9.81324,7.5046015
3778,scissors,cut,9.794431,3.6376302
700,face,look,9.793135,4.956871
3145,bedroom,bee,9.7383175,0.28226998
5278,feet,zipper,9.636933,4.3842783
7688,touch,clean,9.597919,0.0888899
3611,balloon,pretend,9.534879,1.0285347
9327,jacket,pajamas,9.469452,1.9190471
7413,feet,hesheit,9.445561,0.7756029
4374,bed,bee,9.438725,0.57951003
1172,airplane,tree,9.435304,1.8848884
3321,frog,TV,9.2860985,0.59172064
8005,wake,awake,9.243216,7.055828
1634,helicopter,rain,9.21346,2.6553957
7619,time,zipper,9.165489,2.4356596
7079,hate,person,9.154686,0.51261485
2767,aunt,backyard,9.137539,2.45639
3188,kitty,kiss,9.119002,0.974022
6558,red,lips,9.082645,2.181619
5068,after,fall,8.995922,0.5994203
4005,thankyou,bad,8.95969,1.6433243
3638,hesheit,hate,8.95025,0.30164504
6963,owie,car,8.940275,4.483783
8337,puppy,hide,8.932047,0.0040633157
6460,room,fish,8.925145,1.9622259
1028,think,head,8.905593,3.2042058
6777,child,on,8.8998575,1.559397
8341,yesterday,jump,8.8963785,2.7602634
6312,bye,bad,8.874192,2.745989
1155,yes,can,8.869445,4.6625137
8074,no,tree,8.865554,-0.100755714
4836,giraffe,dry,8.847398,0.85982
3737,yellow,toy,8.837682,2.3583572
267,thirsty,zipper,8.828962,2.001661
3423,hat,into,8.825809,0.6040225
6842,lion,rain,8.824977,-0.5086055
6431,say,lips,8.802662,1.7855393
2359,dry,dryer,8.801909,4.0397267
3452,room,bug,8.801039,0.7911307
1792,close,open,8.793246,4.381787
1010,have,loud,8.792659,-0.7064904
7216,gift,give,8.789783,4.683654
3726,toy,green,8.76706,3.983753
2875,chair,open,8.760795,-0.010996826
8576,cowboy,hello,8.751613,2.7905881
8517,cheek,say,8.74917,3.528161
5207,lips,mouth,8.721716,5.401973
8295,fast,hot,8.716503,1.620399
7602,sleepy,sleep,8.715463,4.5520906
7633,open,flag,8.709923,0.44790703
4011,wet,sleepy,8.702918,2.3317933
8500,finger,cereal,8.689709,1.7620504
5167,glasswindow,say,8.675421,4.0202217
7907,can,shoe,8.661022,5.697789
734,napkin,cute,8.656681,3.1706896
70,farm,on,8.640122,1.2237947
7317,pool,beside,8.636573,0.8984145
3676,nap,sleepy,8.631791,2.8331397
8331,bad,bed,8.630498,2.3828814
5896,pizza,jump,8.622231,1.5773785
5003,ride,tongue,8.621969,1.9659786
1932,cry,dance,8.611098,0.74730617
3153,boat,room,8.609946,1.7355026
5000,stairs,ride,8.599546,1.7323247
5312,go,down,8.590567,1.7035049
4118,arm,dance,8.590277,0.27091137
7715,grass,clean,8.587502,-1.3249685
5593,sun,lamp,8.5825205,2.5671062
5913,pool,jeans,8.578201,3.397623
6364,sleep,wolf,8.574905,1.1647043
2047,first,dog,8.566282,3.7810287
6881,kiss,food,8.551093,2.5363276
4542,think,down,8.548061,1.429837
5823,dry,time,8.53718,3.8649914
3465,cat,kitty,8.533818,4.7934914
9129,cow,cowboy,8.529146,5.554288
1839,sick,taste,8.518366,1.9039319
3138,finish,underwear,8.516889,0.5925888
2663,give,pretty,8.508931,-0.9925624
2616,look,ride,8.505654,1.2129258
3890,jump,lamp,8.503097,3.8063517
9139,drop,down,8.503048,3.3718612
8159,will,potty,8.496142,-0.380892
450,gift,give,8.491407,4.6673455
6916,cry,mom,8.477496,2.6159651
213,feet,zipper,8.470749,-1.1098568
457,nap,cut,8.4695835,4.039543
5182,later,up,8.452917,5.6438966
2242,morning,blue,8.446443,5.9462647
6236,face,look,8.421713,5.7338266
1297,shower,sun,8.415908,2.8734882
1474,tree,rain,8.414041,6.30971
1515,underwear,down,8.40917,-0.85703194
4668,go,toy,8.406963,2.3646398
5275,drawer,toy,8.401992,0.095172964
8622,tiger,cat,8.400459,0.7338576
7230,hear,ear,8.397203,3.3939474
7139,wake,awake,8.38714,5.6256766
724,dad,grandpa,8.380907,2.5929294
2751,yes,can,8.378819,3.8621027
4972,pencil,pen,8.362645,3.2299309
397,sleepy,sleep,8.359034,3.379486
9144,pen,pencil,8.353618,2.6366868
8187,any,fish,8.348284,1.2761009
4595,lips,mouth,8.347546,2.997564
1460,can,yes,8.340568,3.9872677
7814,like,please,8.337772,4.777824
8662,sleep,sleepy,8.333202,2.1447923
643,giraffe,animal,8.330423,1.5361447
2777,grandma,mom,8.324847,3.1204813
2233,giraffe,morning,8.323656,3.2365243
7485,goose,uncle,8.323043,0.12373325
2305,face,brother,8.317182,3.2503693
5353,feet,frenchfries,8.312815,2.5144613
175,into,night,8.307816,5.852536
430,time,not,8.303299,-0.74730563
7640,sticky,hate,8.30095,2.723555
5406,talk,bye,8.2998705,3.3278122
2466,all,pig,8.283568,2.5406473
8784,face,eye,8.279259,2.194489
994,beside,person,8.274871,6.016827
6614,ear,hear,8.270323,1.1312859
243,now,if,8.269237,2.0869505
5318,pen,potty,8.255509,5.010351
8441,wait,finish,8.251341,1.4026712
6278,high,see,8.244265,3.435431
1216,ride,any,8.23762,-2.4519207
834,dryer,dry,8.235687,3.425531
4428,close,rain,8.22937,-0.12514296
5148,jeans,pajamas,8.226459,2.948397
2482,jump,ride,8.223949,1.2044346
1593,duck,goose,8.218149,6.6389394
5990,shirt,noisy,8.216794,3.1943383
6541,bedroom,bed,8.206393,4.3642335
7819,sleep,sleepy,8.196836,7.329299
2639,happy,fish,8.191184,0.32587847
681,sleep,sleepy,8.191066,4.805611
8821,close,room,8.179752,3.055531
1580,bedroom,bed,8.177889,2.2103903
3773,room,zebra,8.1771345,-0.51763654
8973,tooth,glasswindow,8.175825,3.711484
6198,orange,blow,8.168667,0.5537468
3618,puppy,hat,8.167905,0.2224361
884,fast,every,8.16737,0.47764012
8534,wet,grandma,8.167282,2.6384268
7720,wake,awake,8.165749,6.2875495
6973,gift,give,8.164476,4.8269477
300,dryer,thankyou,8.163762,1.8215522
7125,into,elephant,8.162753,2.4169545
6147,person,blue,8.157729,2.2627473
2710,jacket,jeans,8.15545,1.6677446
377,bedroom,bed,8.153536,3.2200034
7983,wait,tree,8.153296,2.7105868
125,face,for,8.151342,4.229013
1454,awake,wake,8.146415,5.553927
1635,stay,that,8.14459,4.815354
252,nap,sleep,8.142652,3.361686
8654,not,beside,8.142354,2.032948
441,face,look,8.140133,5.680777
7281,can,carrot,8.130641,3.1546278
316,awake,bye,8.128146,2.2871718
5085,can,shoe,8.123385,2.420214
4140,on,night,8.111063,2.531332
2731,have,bath,8.107302,6.5129476
4887,have,animal,8.101301,6.092344
5306,dog,green,8.100593,2.003609
4659,girl,tomorrow,8.094212,5.639201
1418,pen,pencil,8.085152,4.5583773
6408,tongue,red,8.084144,3.5877173
1188,look,see,8.079915,4.5615554
3468,now,pajamas,8.077644,1.2285597
1199,that,stay,8.072053,4.649465
3810,fine,talk,8.069791,2.3393824
8944,backyard,aunt,8.055668,2.6626353
7287,wait,many,8.052748,2.4942362
4061,table,arm,8.050576,3.6984828
6691,hen,bird,8.0485525,2.035723
185,carrot,refrigerator,8.0481415,1.8070949
761,outside,sleepy,8.046256,1.729744
8376,beside,chin,8.041826,-1.103881
2578,garbage,noisy,8.040593,-0.37589163
3765,loud,noisy,8.037471,1.0772578
7108,pen,pencil,8.033151,4.510453
4765,bedroom,room,8.030657,4.8495135
6467,face,penny,8.029034,4.8690143
6708,bedroom,hat,8.024134,0.33668187
7100,bedroom,room,8.024012,3.9121082
5269,snack,icecream,8.023867,2.6567116
717,child,jeans,8.023742,0.5979223
3100,fish,animal,8.022445,-0.9315144
7003,every,any,8.021716,2.3231819
3263,bird,goose,8.018287,2.4460785
31,hear,listen,8.017188,5.643744
7410,dryer,girl,8.01497,3.8719049
4825,outside,beside,8.006248,0.75420517
1352,cloud,all,7.999418,2.2043085
2464,sticky,see,7.994008,2.3245335
7747,vacuum,hate,7.989313,1.0833063
3830,into,store,7.9878654,1.7902949
8105,for,think,7.987222,2.5709734
4662,cry,fast,7.9868402,2.9798577
1850,stairs,jump,7.979381,3.2380235
145,hide,vacuum,7.978622,2.888009
5478,mouth,say,7.9778523,1.8049427
8389,sticky,wait,7.974835,2.6073031
5556,sleepy,sleep,7.97463,2.8837018
703,cow,donkey,7.962936,1.7415038
7910,face,smile,7.961579,0.6973601
583,not,pig,7.9547524,5.0594506
8497,listen,hear,7.9525123,5.6461735
1672,like,airplane,7.9524894,3.418186
7071,black,face,7.9447713,2.4633083
6406,shirt,fine,7.9429507,3.5198383
6875,into,bye,7.9428325,5.2156777
439,hair,lion,7.9390388,0.38973072
8542,goose,duck,7.9338336,3.5958817
4475,sleepy,sleep,7.931892,5.948551
6166,awake,wake,7.9307094,6.072038
6502,clean,dirty,7.9260626,1.1199352
1683,awake,wake,7.918516,6.5904527
7809,puzzle,down,7.916714,1.9959004
1177,pencil,pen,7.9117155,6.7597156
53,dryer,dry,7.9064026,4.8702464
7902,TV,no,7.9063735,-1.0964508
7946,wake,awake,7.9026814,5.6189647
9094,if,yellow,7.902239,2.9895363
4926,gift,give,7.9016113,5.14938
6316,yucky,hate,7.8985844,3.8651657
3448,sticky,cat,7.897231,3.4049659
5403,flag,fish,7.8878813,3.9933834
5272,sad,mad,7.882129,3.7772067
4108,man,dad,7.8803244,3.765418
7176,hear,ear,7.8800983,5.8735323
1165,goose,duck,7.877709,4.9412107
1600,child,on,7.8760157,3.7044017
3920,story,mom,7.874993,2.079683
6465,pig,clean,7.874593,1.3444439
2758,awake,wake,7.8662753,5.9592195
7943,awake,later,7.8646526,3.5863073
6417,goose,duck,7.8634505,3.001435
8484,hat,boy,7.859741,1.5895375
3653,quiet,talk,7.859545,3.2034307
6062,animal,bath,7.8583803,5.081185
1411,flag,all,7.8581376,2.742855
1796,can,yes,7.8580904,6.391988
470,glasswindow,tooth,7.853123,5.330325
8678,hate,snow,7.850858,-1.4828517
7267,person,beside,7.850746,6.9576054
4251,eye,red,7.848469,-1.2368358
1641,drop,room,7.846305,4.31126
3936,bad,yucky,7.8438926,1.4135952
3715,cut,scissors,7.8422933,4.7497663
4986,nap,sleepy,7.8398075,3.8231657
3418,underwear,mouse,7.839801,2.8223436
8704,drink,thirsty,7.8386836,3.1329768
9299,grandma,grandpa,7.835916,6.217324
1169,pig,dirty,7.834466,3.742724
5408,read,dance,7.8240414,2.8438551
5116,listen,hear,7.819115,5.652455
4951,brother,pool,7.8172894,2.5765033
2107,cheek,tooth,7.812412,0.39764056
186,wake,awake,7.807037,4.705479
5443,lamp,drop,7.806186,3.5244267
1250,pretty,sleep,7.8061337,3.9278018
5775,weus,elephant,7.802975,1.8824203
9017,haveto,go,7.802302,1.9401677
2684,pajamas,brother,7.79929,1.6350975
2515,any,another,7.7986546,4.346329
4518,bedroom,bed,7.7939925,2.411229
285,nose,noisy,7.7921715,5.098714
7796,weus,zipper,7.786329,1.3488392
330,pencil,pen,7.7808533,4.400133
7191,blow,carrot,7.7796884,0.69176257
5933,listen,cheek,7.7721753,0.60846055
7309,brother,later,7.7716475,3.123935
3428,book,fish,7.77068,4.9450564
1394,puppy,kitty,7.769186,0.28979468
1125,outside,loud,7.7678995,3.4291735
3685,yourself,not,7.7660356,7.221936
905,haveto,have,7.76416,5.070771
7060,say,red,7.7623806,6.3936815
1787,pizza,jeans,7.753299,3.0311747
1444,think,penny,7.751961,5.1017137
5619,sleepy,sleep,7.751179,3.469162
363,tooth,tongue,7.750606,5.177673
6574,scissors,fall,7.7452025,2.634218
7517,sleep,sleepy,7.744485,5.093827
5866,cry,eye,7.7363443,4.794441
4988,cut,fall,7.7270103,4.5022526
4820,fall,sad,7.726649,-0.89754367
7382,hear,ear,7.7188134,5.293246
8290,wake,awake,7.7167687,6.0147514
8320,cowboy,cow,7.716272,3.5506406
7685,kitty,beside,7.7149906,1.4252168
3669,time,on,7.714821,-2.207206
6473,fish,milk,7.7144227,3.7284372
4344,open,wolf,7.7131724,-0.3710023
8350,please,minemy,7.712469,5.1596503
9279,ride,chair,7.711644,4.7804317
5220,on,table,7.711547,6.2982025
3457,pencil,pen,7.7093663,5.703683
6334,there,where,7.7073755,2.3587728
8121,because,black,7.7051187,5.5172668
8947,yes,can,7.7036276,5.3817377
1662,before,flag,7.6971273,0.7207513
7746,puppy,vacuum,7.6929927,3.3846152
3519,dog,there,7.691169,5.928541
3940,water,talk,7.6866145,1.7154167
8393,any,another,7.682072,4.197959
9167,backyard,read,7.681346,-0.89482695
2084,arm,weus,7.675877,2.8733103
2705,head,store,7.672604,1.548343
3207,find,up,7.6712008,0.4101396
1865,wait,finger,7.6677675,5.301944
5533,on,dirty,7.666519,0.85588706
6449,farm,mom,7.658616,2.7533762
2508,kitty,bee,7.65255,4.362749
9122,bye,can,7.6498437,1.4215857
4752,open,tree,7.6483502,2.9442065
5229,go,person,7.648175,4.2909813
4800,backyard,bath,7.647796,0.9804253
4529,tooth,mouth,7.6462555,3.99536
6720,duck,goose,7.644669,5.060595
7765,yellow,pajamas,7.6396646,3.3534575
7654,after,fish,7.6390414,4.0889745
882,hide,girl,7.635911,4.9979863
600,room,beside,7.6294785,3.3149178
5618,up,mouse,7.626544,1.4801813
2183,face,mouth,7.6145353,3.9466698
8732,goose,bird,7.613741,6.462488
1152,awake,wake,7.604522,6.506189
2711,haveto,have,7.604013,6.184231
6638,wake,awake,7.602381,6.4174848
4089,awake,wake,7.600332,6.288754
7938,cow,yellow,7.599028,3.8644292
7982,wake,awake,7.5987177,6.249283
5157,bed,bedroom,7.5959344,3.22283
4540,say,fall,7.5954847,-0.3305801
5937,cut,scissors,7.5939403,5.937341
8607,mouse,pretend,7.5903144,5.7568693
209,please,minemy,7.5885477,5.4803643
1079,weus,down,7.585546,2.843248
6928,yellow,now,7.5831676,2.93902
3081,sleepy,sleep,7.581283,5.022708
6050,noisy,cut,7.579632,3.4824347
8230,fall,table,7.57868,4.4909687
765,stairs,frog,7.5783696,2.9361467
5402,pencil,pen,7.5773168,6.3225346
5209,person,will,7.5739007,5.1124067
6527,bird,goose,7.5729637,5.123607
4796,mouth,lips,7.566481,5.6411095
195,there,flag,7.563021,6.0751033
3129,chin,say,7.5624733,2.7182293
7626,hungry,pig,7.5565047,2.0930922
7,puppy,kitty,7.553375,4.3412404
6757,underwear,cute,7.5502195,4.5392528
3027,go,moon,7.548456,1.8142443
4903,yes,down,7.5472894,3.1174827
4438,pretty,sun,7.546388,6.8554406
4510,nuts,jacket,7.545405,-1.0480407
800,time,night,7.5452304,0.2753491
7818,cheek,chin,7.541955,5.188459
3623,minemy,please,7.5386453,5.164409
5469,refrigerator,story,7.537858,1.7713962
8986,goose,duck,7.5339046,5.4487367
8016,pen,pencil,7.528059,6.169654
638,cat,kitty,7.527231,5.0445976
8952,wake,awake,7.5264535,6.462424
6856,mouth,lips,7.5258627,3.2319453
7594,say,chin,7.525037,5.473526
6709,tree,why,7.520599,3.9253004
1286,dry,dryer,7.5188317,5.4859476
5221,grass,napkin,7.515155,0.28122157
6506,down,feet,7.5142813,7.086211
6979,cat,bee,7.5125904,3.3821924
120,backyard,person,7.51237,1.836602
1733,sleepy,sleep,7.512194,4.3574705
6472,empty,taste,7.50627,2.5672164
3702,sticky,hate,7.505395,5.4944267
7346,hide,jeans,7.502317,1.6949497
2497,owie,wet,7.5018454,2.7120254
510,sad,taste,7.501792,4.47323
4715,white,dirty,7.5017686,2.4485319
3,beside,have,7.500754,1.5094329
7610,cry,car,7.5002766,2.197654
701,pajamas,drawer,7.4999967,1.0250158
9055,duck,goose,7.4988556,5.2714257
9152,hide,jacket,7.4951725,5.4882455
7142,sleep,sleepy,7.4933405,5.0390544
5217,flag,better,7.49204,0.2642427
4306,feet,jeans,7.4917483,0.74074966
2935,moon,grandpa,7.49102,1.2751178
4629,stairs,jump,7.4855623,4.2639337
6723,go,pretty,7.485064,2.5678804
356,backyard,quiet,7.4844418,5.602955
5049,backyard,before,7.4837403,3.477004
3460,because,better,7.4783826,1.223472
5516,hide,brother,7.4748945,3.526147
4683,ride,fall,7.473069,6.4264827
6018,awake,wake,7.469645,6.6130233
447,cut,fine,7.4678392,3.3709822
6943,jeans,puzzle,7.4667,0.62720805
5994,underwear,puzzle,7.4660864,5.229505
660,jump,refrigerator,7.465332,1.1320666
2204,eye,think,7.4602194,3.9487422
74,morning,outside,7.458139,4.1539445
1432,story,all,7.452005,2.5177138
6143,lips,mouth,7.4486275,5.5053525
7668,penny,for,7.4464417,6.8021073
5113,give,gift,7.4457335,5.509948
1926,doll,mouse,7.444836,3.9781253
4370,loud,noisy,7.4437857,3.069543
1569,stairs,jump,7.4434814,5.20153
2718,go,loud,7.4418526,5.740298
1961,open,close,7.4402223,3.2320447
7941,goose,duck,7.4382567,4.234065
6197,book,fine,7.437966,2.0381992
7320,tongue,say,7.4358435,2.4199412
5026,happy,cheek,7.433438,1.7113849
571,nap,pajamas,7.433249,2.6274383
198,into,store,7.430462,2.5809593
3272,who,balloon,7.425675,2.2398956
5215,alligator,loud,7.423252,1.4951566
5185,give,gift,7.420589,4.437477
2023,alligator,on,7.419188,5.4297996
6291,high,cut,7.417926,2.2459278
2982,all,there,7.4158406,4.4138827
7140,yes,carrot,7.412372,5.292569
1255,make,milk,7.4097047,2.285242
5216,wet,give,7.409626,4.913623
8884,lamp,shower,7.4095464,3.0292838
2487,finger,wait,7.4066443,4.235664
9343,toy,awake,7.405636,0.52180696
6138,pig,clean,7.4044538,6.0810995
812,before,please,7.4042654,3.511798
5235,blue,hello,7.40073,3.6388216
1050,fish,before,7.3899117,6.5934134
1341,sad,snack,7.3881426,3.7788084
4404,awake,wake,7.38777,7.0403214
6989,owie,sticky,7.382686,-0.4824414
6831,awake,wake,7.3822303,6.1240287
2420,brother,boy,7.3819265,4.8434005
9062,bath,have,7.3809657,5.812214
1638,closet,there,7.3766446,0.28351584
426,wake,awake,7.3736625,6.5652814
2102,glasswindow,tooth,7.3718734,5.814995
5257,puppy,white,7.365445,0.39414933
7365,ear,if,7.36032,4.267147
24,smile,dryer,7.359534,3.0290082
6544,wake,awake,7.3574767,7.0786967
4810,lips,mouth,7.357194,5.802414
2986,lamp,dryer,7.35681,4.232144
6063,hen,bird,7.354812,5.348247
477,yesterday,that,7.3524365,2.1952276
2568,awake,wake,7.3514237,7.1538615
8388,outside,head,7.350849,3.3307657
1781,make,milk,7.350684,3.3137145
6863,brown,pretend,7.3496857,3.0638523
2752,stuck,white,7.3481917,4.440939
399,awake,wake,7.347359,6.6778684
3909,bird,duck,7.3465576,5.984286
1831,who,hen,7.3449,4.610643
169,if,chair,7.342606,-0.117816836
5640,face,pretty,7.3425198,3.0908582
6141,balloon,orange,7.333956,3.205673
7564,penny,pen,7.3334775,3.677901
4317,duck,goose,7.32353,6.7542663
1399,noisy,loud,7.323314,3.407655
494,quiet,bad,7.3203726,4.811916
4562,snack,food,7.3198533,1.64747
1196,pretty,sleep,7.3184237,5.262246
4423,if,tomorrow,7.3179636,1.5856059
7887,shower,hat,7.317941,3.2065823
3775,look,face,7.3174205,4.874366
6275,awake,wake,7.3134756,7.2628293
2776,wait,wet,7.31332,2.8151686
8315,cat,kitty,7.3128023,5.7109556
6917,on,child,7.3085814,5.626339
7599,jump,ride,7.3076,2.3811142
1920,donkey,boy,7.303473,2.4015238
8802,ride,haveto,7.2976356,0.14019094
3038,pen,pencil,7.297613,5.865307
4242,wet,hat,7.289988,-1.0258971
6948,lips,mouth,7.282428,3.6253605
6559,awake,wake,7.281195,6.686992
3458,snow,child,7.278503,2.6364222
871,awake,wake,7.277309,6.8551173
3813,minemy,bad,7.2762294,3.3019805
3923,who,bug,7.2746663,3.3130274
5460,tooth,glasswindow,7.2718287,5.6335826
3470,pizza,snack,7.269122,-0.036755137
4775,hear,ear,7.2688837,5.1250224
5087,beside,every,7.265993,3.583917
265,story,owl,7.2651014,2.0184226
8590,book,open,7.264682,4.208781
7189,duck,goose,7.261667,5.8641477
1827,after,bedroom,7.2578187,4.911941
7695,shirt,zebra,7.2497783,5.2517505
2494,tree,morning,7.2496905,6.3585944
5906,dry,dryer,7.249079,4.828606
7068,every,any,7.245876,2.685578
445,outside,go,7.2426667,3.9422038
7786,pajamas,puppy,7.2422056,2.0412226
6452,have,animal,7.2399797,5.4311957
2414,awake,wake,7.239394,6.881378
4157,noisy,ear,7.2380924,2.1452763
8033,nap,bedroom,7.23523,4.841575
7755,table,clean,7.234722,2.688893
2588,drawer,car,7.2320924,1.781242
1990,all,another,7.2248898,5.260617
5201,smile,dry,7.2237186,4.794002
8198,grandma,will,7.2221885,3.9633424
2807,bee,beside,7.212144,1.3569672
8122,eye,cry,7.2019806,3.6054626
2029,dad,farm,7.200217,0.7714022
2978,tree,happy,7.198841,3.1455317
7607,goose,duck,7.196174,6.1666327
4999,eye,cheek,7.1938443,3.123227
9110,table,cloud,7.1900005,1.9396062
2512,lips,mouth,7.187825,3.9625945
3927,noisy,go,7.183123,5.7148767
8846,yellow,toy,7.1822395,4.678041
1434,jeans,night,7.178972,5.8563523
5794,finger,wait,7.17857,5.7592144
5544,carrot,puzzle,7.1733584,2.1137698
9018,open,there,7.17281,3.0984588
4023,beside,fish,7.171928,6.060302
5798,dad,man,7.170946,5.165925
6786,cereal,lips,7.1690817,4.621817
8628,cow,cowboy,7.1678333,6.234666
6997,finger,taste,7.165368,2.6710484
7116,open,girl,7.158796,0.71046346
5023,hot,wait,7.1585836,4.8292212
1674,sun,boy,7.158373,2.4849093
4626,empty,wait,7.1577086,1.4109205
6845,awake,wake,7.1549125,6.5023904
7105,fall,scissors,7.1530504,4.2845087
8916,pretend,mouse,7.1517897,6.219189
1855,hello,bedroom,7.150629,3.927782
1500,listen,hear,7.1459413,6.3562827
7544,gum,zebra,7.141787,0.6621999
2905,awake,wake,7.138121,6.874599
3425,ride,another,7.1358466,1.2357568
2594,clean,bee,7.134502,5.188306
7729,scissors,thirsty,7.133376,-0.25883874
5987,chocolate,shirt,7.1288004,1.6197593
2723,wait,finger,7.126853,5.430298
3358,pig,dirty,7.1267014,6.3507924
2762,pretend,hello,7.124324,6.2964706
8685,drop,shower,7.1213818,1.656765
3312,kiss,pizza,7.1197433,4.603117
7641,chocolate,rain,7.1134944,1.4163703
6579,wait,wet,7.1094847,5.3465786
2392,napkin,tiger,7.109247,3.4452891
8251,dryer,dry,7.107523,6.2268567
8639,jeans,bye,7.106885,1.4443018
595,think,why,7.1036515,3.237963
2995,owie,on,7.100981,5.701498
2903,backyard,many,7.0972247,4.353403
7930,nap,sleep,7.0966024,6.2346644
422,cut,scissors,7.095893,5.6569223
6265,pretend,mouse,7.0927844,4.5479913
2870,goose,bird,7.0901647,5.788085
745,that,stay,7.087269,3.6899877
2247,farm,mom,7.085734,6.8874087
2755,outside,wet,7.0848875,5.9049287
5810,grandma,mom,7.084289,5.3982286
4124,sleepy,sleep,7.083758,6.2352486
1251,snow,noisy,7.0831933,2.6266246
4450,give,gift,7.08275,2.323946
2099,grass,bedroom,7.0819693,5.256135
830,hello,drop,7.077425,1.0119133
727,cat,kitty,7.0728207,5.528897
1332,kitty,cat,7.0673995,6.4740953
4878,kiss,flower,7.064601,2.6451836
8868,wake,awake,7.0643797,6.968337
6339,police,fish,7.0635805,2.6271982
3049,listen,hear,7.0611897,6.36949
2437,why,sick,7.061088,6.6880665
1278,fish,beside,7.059788,3.73441
3720,before,after,7.0575986,1.816044
5103,close,into,7.0575433,4.394109
6498,have,bath,7.0566907,4.0437846
8941,close,open,7.0560484,3.7282636
8849,minemy,puppy,7.052295,3.5658617
9037,finish,wait,7.050745,3.3653383
3506,pencil,pen,7.0501003,5.6989074
4862,uncle,close,7.0471244,6.3767157
4131,look,face,7.0469956,6.461382
5236,give,gift,7.0444245,5.1214285
7558,bed,bad,7.0418806,5.0956764
2634,all,dog,7.0412493,-1.8260957
777,gift,give,7.041131,6.3210216
524,cheek,gum,7.0340047,3.6273916
115,fast,hesheit,7.0339007,3.3710988
1210,have,bath,7.033838,4.8908334
1151,pajamas,night,7.030543,-1.3820562
4304,sleep,sleepy,7.029524,5.978255
9005,grandma,mom,7.029145,3.400243
3579,stay,that,7.020406,6.02575
6960,drop,store,7.0187006,1.4102881
7718,mom,grandma,7.0176325,5.529993
7775,vacuum,jeans,7.016529,1.7725369
7168,beside,bath,7.015515,5.6595345
6700,happy,please,7.0095,2.9739337
3675,find,frenchfries,7.0057244,1.497122
1281,into,clean,7.002124,5.6520634
6267,before,head,6.997652,2.2193298
4270,why,flag,6.9934216,4.6674714
4982,person,beside,6.9900193,5.338455
1097,puppy,dog,6.987307,5.457363
4476,read,dance,6.985714,5.5415974
4845,awake,wake,6.9814363,6.710792
1977,not,orange,6.9766808,0.68783903
1370,bedroom,bed,6.9755497,2.839892
2450,bath,up,6.9739895,-0.2661125
2416,hungry,underwear,6.969749,6.184953
7073,time,jump,6.9644465,0.7237415
7385,see,jacket,6.9622474,-0.029012728
5232,mouth,red,6.961524,4.9957075
1466,cereal,pool,6.9596395,2.2146835
6508,beside,book,6.955921,1.1098161
8987,into,elephant,6.9550247,5.0523806
1916,thankyou,bad,6.954715,4.1621614
8710,wake,awake,6.953261,6.7648206
1206,penny,think,6.951925,1.9193646
4222,toothbrush,mouse,6.946384,3.6693697
342,tomorrow,make,6.939692,4.884061
1201,cat,kitty,6.9394503,5.8962507
6381,give,gift,6.937262,6.3664737
6435,underwear,jacket,6.933447,1.0618649
3187,sleep,sleepy,6.931615,6.2775664
5180,person,puppy,6.929356,3.6037285
9025,mad,fast,6.929323,3.0642023
7536,pen,pencil,6.9282303,5.607273
8040,yourself,girl,6.9270363,5.01722
7611,underwear,hot,6.9236684,0.17545155
662,carrot,chocolate,6.9204464,5.448724
5668,helicopter,chair,6.9187584,0.7128719
6736,yesterday,cow,6.912036,5.1277866
8340,after,there,6.9081635,4.2737765
8548,blow,into,6.9062667,1.6060139
3210,cut,fall,6.904179,3.1751966
1209,jacket,yesterday,6.903083,4.2637815
481,there,many,6.9013877,2.7547407
7047,old,yellow,6.9011855,3.1629157
9049,dance,chair,6.8998284,2.3139985
6027,why,sick,6.895747,6.037372
9265,clown,grandma,6.8909626,-0.26382902
6768,pencil,pen,6.8893304,6.8213363
4394,stairs,jump,6.8881464,4.1889663
9250,hear,listen,6.8851705,6.8717394
246,beside,bad,6.880541,4.128113
2352,flower,napkin,6.879803,5.7597256
5792,yucky,empty,6.873711,5.9548707
5978,TV,where,6.873336,3.530286
8386,story,chocolate,6.871684,0.7805479
7565,see,kitty,6.870901,6.0194
8409,duck,goose,6.8672214,6.252704
6140,mitten,wait,6.863989,1.6309124
2975,closet,go,6.8619103,3.6924384
4581,finish,after,6.8594728,6.140422
2855,puzzle,chair,6.856347,4.4571753
931,sleep,nap,6.854428,6.2746215
5803,vacuum,fall,6.8538046,2.6382825
705,kitty,puppy,6.8506083,5.5619555
8134,feet,jump,6.846659,2.8235545
8895,cat,loud,6.845493,6.8337965
7979,before,close,6.8453565,6.0880346
8266,have,shirt,6.8436565,-0.041138638
6136,shhh,mouse,6.841749,4.6819735
971,into,open,6.8415775,3.458544
5431,car,open,6.8411875,-0.38888028
990,morning,tree,6.841009,3.9095383
6595,stay,that,6.8395424,6.478694
6889,giraffe,smile,6.838349,0.20760036
4505,dad,cowboy,6.837985,5.7843895
5018,frenchfries,find,6.837077,5.636037
7457,store,shower,6.836471,4.3559055
7561,mad,clown,6.8344703,3.9862177
7769,penny,think,6.8315563,4.949033
4758,before,haveto,6.8239336,2.002742
5586,shoe,carrot,6.8226857,6.4948053
6675,farm,balloon,6.820445,4.776775
6716,wait,finger,6.820305,5.282736
8525,bug,dog,6.817649,5.0138316
3024,no,pajamas,6.8167257,0.03735451
7884,wet,fine,6.811582,3.455915
4019,nuts,not,6.8108134,6.0986185
3201,snack,drop,6.809607,1.0069504
1931,on,clean,6.808935,6.769733
6905,tooth,cheek,6.8036485,5.9960675
2579,lamp,finger,6.7975335,2.2405255
4797,will,there,6.79562,4.3176913
7639,that,night,6.793513,4.3903375
7428,dry,dryer,6.789167,4.874587
3521,sleep,nap,6.7881465,6.446864
6180,arm,child,6.787025,5.6289573
1025,look,see,6.781026,6.5294347
428,toy,green,6.7790112,3.436372
7972,look,face,6.7787194,6.5510225
4138,touch,hate,6.7784667,5.046568
8976,go,look,6.778191,3.5242846
7708,milk,fast,6.7771535,6.144331
8418,stuck,scissors,6.7746677,5.0674706
2128,boat,beside,6.7719107,4.9196715
3299,sticky,fast,6.7713146,3.218799
5594,make,apple,6.7710524,5.7009006
5815,close,hello,6.769598,3.5470004
8845,fish,room,6.769382,3.1506581
305,there,hate,6.768255,0.6575341
3107,dry,dryer,6.763866,5.6254864
8068,fish,noisy,6.762341,2.1072383
4056,empty,bad,6.7621374,2.3111827
4872,scissors,high,6.758535,5.764068
4746,cat,hate,6.7585015,5.523925
3403,open,book,6.755841,5.0897813
3347,pajamas,puppy,6.750286,5.8096423
4531,pen,pencil,6.7499666,5.6519465
5263,sad,face,6.748993,6.511976
362,any,another,6.7432647,5.62682
5558,pajamas,person,6.7429266,6.2923465
3547,all,green,6.742732,2.987278
263,fast,puppy,6.7419367,2.9077458
4981,bedroom,bed,6.7401104,2.4841006
8153,jeans,happy,6.73836,0.7257279
5277,cat,kitty,6.7374277,6.4953213
2801,arm,home,6.7186556,0.70484793
5991,nap,sun,6.7145295,3.190845
6363,yucky,hate,6.714162,3.4451823
5446,shoe,there,6.713251,6.4440956
8981,find,sticky,6.7121587,4.3973413
8747,cereal,police,6.7081604,4.4221673
7845,hear,listen,6.7069926,6.546939
9267,girl,shoe,6.701171,4.609094
2063,make,fast,6.701166,3.7118797
8949,any,yucky,6.6940446,0.85005784
3913,before,glasswindow,6.6918797,5.9893856
7387,same,closet,6.6807857,4.510872
3585,sticky,touch,6.6801004,5.6452117
4424,empty,yucky,6.6776195,3.5509672
2375,mouth,glasswindow,6.6737194,3.1047733
5588,yes,jeans,6.6722536,6.113234
1472,toothbrush,down,6.6680036,3.1493416
5507,finger,find,6.666235,3.2079399
4802,yucky,man,6.665193,3.279441
3841,boat,close,6.6642165,6.4034467
9085,pig,dirty,6.6634865,6.51714
3916,shoe,zipper,6.661779,4.243962
1809,haveto,time,6.660686,5.019083
1132,wake,time,6.658221,1.4127475
1803,hide,yourself,6.65421,3.9352446
7545,morning,bad,6.6479487,3.474105
5119,refrigerator,quiet,6.637684,-1.1752595
2891,open,blue,6.6321316,5.311658
3059,before,potty,6.628906,4.359601
2725,mouse,doll,6.624775,5.3570905
2115,empty,finger,6.623629,5.0970426
229,puzzle,another,6.6228943,4.2520156
6898,cat,kitty,6.6218896,5.696699
6195,eye,cheek,6.6166005,6.0423017
106,open,cereal,6.6135116,-0.24832213
5125,carrot,toothbrush,6.613401,4.3862815
8311,farm,on,6.613359,4.756232
7400,go,wet,6.612424,5.012653
7712,book,morning,6.6120887,5.5419292
8255,black,because,6.6117597,5.2690196
8432,smile,say,6.608626,2.3488622
8133,loud,later,6.6082916,5.8723183
138,book,boat,6.606972,5.0802617
9261,giraffe,jacket,6.604128,-2.3261855
1779,hate,sticky,6.6011624,6.5404973
2951,fall,room,6.6005077,1.1527413
8118,pool,pen,6.599742,5.9794044
2628,clown,pajamas,6.598596,5.1667743
7552,book,person,6.5968256,0.70524335
4086,closet,close,6.5960455,5.103253
3755,empty,snack,6.595977,1.4526948
6535,awake,wake,6.591025,5.8906274
7201,boat,person,6.5899057,2.4828358
3884,hate,grandma,6.5895414,4.9610076
2696,look,see,6.5854807,3.570809
5824,go,for,6.5846653,4.1377597
9285,tree,ear,6.578377,1.2372564
5691,shirt,child,6.57372,3.5133343
4211,hate,man,6.571696,4.2849197
8174,after,finish,6.567513,1.8292322
4998,toothbrush,tooth,6.566797,1.1937323
6483,haveto,can,6.564909,5.685219
2991,store,story,6.5617905,5.9184885
2042,can,go,6.5583816,5.8443546
4411,nuts,not,6.5558505,6.314522
1189,boat,book,6.555154,6.4915366
2163,dance,ride,6.54815,6.3644934
4301,will,blue,6.5455704,3.406814
7248,blow,kiss,6.533695,4.5316486
7777,all,not,6.5323396,3.6793342
1825,child,quiet,6.531046,2.5707645
182,helicopter,bye,6.529825,-0.9460778
6218,mouse,orange,6.52944,4.478286
7172,who,hen,6.5289145,1.1271721
3707,snow,close,6.522371,2.614943
4805,wait,book,6.5122457,3.7233212
5004,close,before,6.508827,5.8105903
5244,bad,blue,6.5080547,1.0305823
3202,underwear,who,6.506623,-0.1423907
3932,fall,ride,6.5042324,-0.6127106
618,another,later,6.5029173,2.383323
3118,think,morning,6.4986053,2.005237
5378,bug,stairs,6.4898105,4.160539
6237,no,shoe,6.486505,6.3300643
4085,night,hat,6.484463,2.7508066
7501,bedroom,bed,6.4795885,5.132588
6996,fast,zebra,6.477895,5.101921
7448,glasswindow,close,6.475469,4.347751
5985,wolf,farm,6.4754057,1.5364627
4677,person,up,6.473137,5.5028543
4737,backyard,book,6.467299,0.92073226
5995,grass,cat,6.463675,2.4711041
8930,there,after,6.4636235,5.2294946
116,stairs,zipper,6.463381,1.912607
1986,morning,tree,6.463173,4.2647076
4627,pen,tomorrow,6.462408,2.3783767
5897,there,thankyou,6.460723,4.3986864
4092,wet,bird,6.4514275,3.2431207
5886,no,puppy,6.451282,5.7776217
572,garbage,say,6.44699,2.3685937
2567,puzzle,chair,6.446185,4.8465457
1765,pool,clean,6.444889,3.3744886
238,wolf,nap,6.444181,3.8760087
2518,look,read,6.4409122,5.659889
4565,snow,finish,6.436856,3.8736076
2334,quiet,talk,6.433069,6.080784
9205,shirt,dance,6.421107,2.4336085
3973,hair,loud,6.41697,5.1072598
4010,kitty,cat,6.41651,6.1021347
6737,wolf,sleepy,6.414499,1.8002285
2618,weus,goose,6.4124556,4.4081774
378,room,bedroom,6.4122496,6.2639623
6158,another,yourself,6.4113746,2.9138288
286,dryer,dry,6.4112616,6.066052
6036,vacuum,backyard,6.409829,3.0144842
3060,fast,any,6.406934,0.48477462
6615,alligator,rain,6.4051266,5.3142705
3965,boat,mitten,6.3965025,4.4141865
2268,helicopter,alligator,6.396439,6.1326385
6393,owie,hide,6.394695,1.6957604
7179,open,shirt,6.3941145,2.1279535
8540,penny,first,6.3913064,5.9974236
7900,that,jump,6.3880925,-1.2870748
3157,lips,mouth,6.3814363,6.2964764
4868,table,clean,6.3789306,5.296541
8032,cute,underwear,6.375446,5.876219
9034,sticky,hate,6.3726573,3.7344198
4290,before,happy,6.3697724,5.4714737
9149,closet,cut,6.369075,5.612131
2576,glasswindow,tooth,6.3643107,3.6365585
3155,finger,wait,6.3638487,5.66212
1477,radio,into,6.3602085,1.1910484
913,snow,tree,6.357566,3.6157305
6536,elephant,boy,6.3572807,0.6199877
9239,man,dad,6.3559256,6.2824955
4593,dog,puppy,6.3543534,6.131157
9243,minemy,chair,6.3514833,-1.123434
4688,later,go,6.3449187,6.2838
7837,close,police,6.335508,2.5102496
1607,why,outside,6.3349853,4.9939723
2827,touch,aunt,6.334887,3.671374
6642,no,farm,6.332731,4.9052176
3620,give,gift,6.330114,2.752422
9100,happy,hot,6.329045,6.2351017
654,there,every,6.326195,2.0220068
2931,vacuum,shoe,6.321745,0.56618947
4373,rain,cloud,6.319839,5.0384617
804,cut,scissors,6.3175936,6.2687225
8599,beside,there,6.317327,5.4114738
1828,all,pool,6.3169107,0.013010848
5063,apple,empty,6.3169,1.5865837
4760,why,open,6.314011,3.9999537
4754,drawer,car,6.3119044,0.76337487
5391,farm,many,6.30915,0.79650956
6952,owl,home,6.3071046,6.1014843
9224,on,child,6.306896,1.2461855
9175,hot,snack,6.30596,4.728045
1083,hear,listen,6.305691,6.264299
6977,can,yes,6.3015585,6.291565
3979,into,weus,6.2992005,1.1698024
2530,old,shoe,6.2881727,3.627266
4811,sun,flower,6.287574,0.9593098
3826,hate,sticky,6.285875,5.1906776
4212,hello,fireman,6.2851205,5.35064
9259,hesheit,hate,6.284769,5.2179966
4675,eye,tooth,6.282722,4.4291964
4564,man,bad,6.277071,5.113279
1330,have,animal,6.276913,3.5863256
5396,drop,down,6.2708116,1.1360562
5892,into,night,6.270518,5.1860375
1382,drink,stay,6.2691727,4.1412406
6409,on,bad,6.2661595,6.041995
2599,hesheit,room,6.264755,2.6783094
1160,chin,thirsty,6.254894,4.398707
6770,look,closet,6.250439,5.1604595
8817,that,stay,6.249766,3.8298402
4935,drawer,refrigerator,6.2440825,4.700113
924,animal,happy,6.2373714,3.783489
1637,potty,bad,6.2338276,5.744803
349,happy,fish,6.2337193,3.3456206
8632,there,after,6.2335057,5.8404036
8411,open,bad,6.2280297,-0.45049307
7466,lips,tooth,6.223377,3.1380572
6782,talk,underwear,6.21843,0.5867448
3583,hair,blue,6.2184105,3.3807988
4702,better,cry,6.2142353,4.6439276
3333,feet,night,6.213763,-0.44463977
5146,red,fast,6.2129545,5.677969
8302,dry,dryer,6.211683,5.720544
1266,bed,blue,6.2106,4.8069086
7029,who,store,6.206274,-0.007923283
4283,haveto,animal,6.2061934,2.6749249
8475,fast,loud,6.2061415,4.356698
704,icecream,tomorrow,6.205434,-0.008644022
7195,yourself,give,6.205018,-0.24132907
6913,mouse,doll,6.202013,3.3652189
268,lion,fireman,6.2000604,2.2711122
6931,police,fine,6.19507,1.2186434
6089,find,bye,6.1934476,1.8577728
4759,TV,stairs,6.189466,4.4007545
8254,milk,many,6.186489,4.987632
2068,any,jeans,6.179467,5.207474
1464,wolf,grass,6.17882,6.1692467
8983,sad,taste,6.1712017,5.1215396
7453,jeans,have,6.1675553,4.1153135
6118,grandma,yucky,6.1651487,5.512403
3350,backyard,penny,6.1642985,3.811987
2157,scissors,dance,6.163718,1.6942084
400,book,wet,6.1630387,1.4026484
4323,clean,farm,6.1593866,-1.1960318
598,yucky,grandma,6.158016,1.3651474
1960,night,there,6.1568484,0.7521452
2849,dirty,clean,6.152467,5.9899683
2490,drop,pool,6.149395,2.9469066
2056,down,can,6.1456785,5.307828
4600,child,bed,6.1428165,2.1142523
680,can,potty,6.1409435,4.97869
7799,rain,finish,6.136674,5.548296
5145,flower,pretty,6.1228547,4.1137347
4603,hesheit,later,6.1153793,5.916467
6318,after,happy,6.114776,4.994515
1257,better,now,6.1145754,1.4649388
6573,balloon,farm,6.110277,5.275471
326,jeans,feet,6.106476,2.4112985
4861,potty,pen,6.106161,5.875754
3713,shoe,yes,6.103966,5.702754
1927,beside,outside,6.092116,4.5504556
1655,cereal,dry,6.082983,4.0651383
5441,yes,pen,6.0806437,2.1199765
4723,wet,puppy,6.074185,1.1389934
8758,eye,first,6.073972,6.0199623
1627,touch,find,6.0722866,4.055773
3274,jump,time,6.0703626,0.7872082
1508,story,goose,6.0608764,4.9267445
3031,home,time,6.055754,2.0073268
1154,zebra,shirt,6.052904,3.6030974
1361,blow,glasswindow,6.0528836,1.5995322
1497,backyard,ear,6.0521994,5.60099
7285,pen,garbage,6.0502076,-0.0112160845
5088,give,fast,6.047532,2.3063898
6040,weus,arm,6.0447497,0.89878553
9242,because,hat,6.0423055,1.1321247
8738,cut,shoe,6.0417175,3.9439633
2773,cloud,into,6.0361247,0.38985828
1871,chair,clean,6.0325575,1.0077844
8536,glasswindow,bird,6.0281963,3.6663542
850,beside,person,6.0257225,4.2577057
5213,tomorrow,aunt,6.0246716,5.2949996
9053,close,fish,6.0214076,4.191315
5222,lamp,wolf,6.0171003,2.5974243
6678,table,on,6.009886,5.1908474
2541,elephant,backyard,6.008765,0.8403165
4264,owl,cowboy,6.0025945,4.753004
686,beside,outside,5.99544,3.5976841
3686,water,hen,5.994914,5.6387434
7535,shirt,boat,5.9925275,2.1986065
8833,after,any,5.990204,1.5241582
5317,sleep,sleepy,5.9842215,4.538217
1749,awake,wake,5.981234,5.612126
5279,yourself,on,5.9791355,-0.00728094
8242,bad,man,5.978614,3.4854364
141,lamp,empty,5.9765973,5.7259645
9194,vacuum,jeans,5.9749503,4.716598
497,there,wait,5.9748287,1.6321589
8530,beside,before,5.9673862,4.491767
1812,elephant,on,5.9667478,1.7482635
7021,pool,fall,5.9538465,4.0943704
7494,mom,orange,5.9519405,-1.2547996
7620,can,stairs,5.9505634,3.3337255
3714,fish,girl,5.948409,1.9355445
236,stuck,TV,5.9450135,0.9378942
2715,home,head,5.939216,5.7458563
6620,there,gum,5.9345245,4.2689013
8396,cereal,blow,5.934054,-0.17637888
6910,tree,cloud,5.929342,1.1666858
2720,on,story,5.925535,3.671585
4203,jeans,stay,5.906266,5.0459833
9244,hair,after,5.902765,2.2875948
3537,like,hungry,5.9012876,0.05678911
9066,down,backyard,5.899871,1.3856901
5504,go,can,5.895721,1.8675297
3535,taste,drink,5.892996,1.8517691
8556,cut,pool,5.8920217,2.2149923
750,who,weus,5.889706,0.53315574
3074,callonphone,morning,5.8815594,3.2043967
8415,napkin,dance,5.8806877,4.471952
1595,helicopter,cowboy,5.8799,0.51771826
2401,drop,blow,5.8772864,5.7401342
7284,refrigerator,yes,5.8685646,-1.6360992
4689,another,better,5.861853,4.568589
2582,stairs,drop,5.8601146,0.68145216
2135,go,loud,5.8585157,3.3544114
7711,quiet,elephant,5.8573728,5.2580876
502,balloon,store,5.855603,2.7538502
3978,elephant,bed,5.854421,4.6952043
1047,like,feet,5.8494368,4.860758
3695,grandpa,sleep,5.8484054,3.7735171
3193,empty,table,5.84719,-0.53436863
6487,hen,chair,5.843896,3.5167432
4192,open,on,5.8411627,5.6001387
1412,chocolate,jacket,5.837062,5.7719727
1652,jump,TV,5.8353553,5.74689
6156,jump,drop,5.8333964,5.444792
3216,on,backyard,5.832583,3.9875116
258,there,before,5.8315973,5.2885756
8102,into,rain,5.8281355,3.1301086
6803,loud,shoe,5.8274636,5.181636
714,owl,cowboy,5.826989,4.392007
4039,nuts,tomorrow,5.8196754,5.551001
3792,frenchfries,ride,5.814338,1.3760625
7286,touch,chair,5.8090057,1.900212
6305,touch,any,5.806272,-1.2934955
167,vacuum,table,5.7922554,0.5137113
8673,dance,puppy,5.7902904,1.6369283
2368,glasswindow,tooth,5.7880635,5.5766535
8180,give,book,5.768949,0.27787623
5652,wolf,kiss,5.766903,4.167912
3045,another,puppy,5.766188,3.1980867
8583,car,refrigerator,5.75511,3.8779337
7026,nap,bee,5.748077,3.910599
2848,no,frenchfries,5.7474174,0.08689276
9314,better,pizza,5.7458344,4.210239
8503,close,pool,5.745467,1.2181159
5266,table,because,5.7415943,0.5486008
6012,time,think,5.7348256,5.5651565
9035,into,carrot,5.7326894,-1.8739443
1562,orange,puppy,5.7302003,-1.4531771
7037,potty,dog,5.7293444,0.25638065
3682,cow,donkey,5.7275276,5.681369
8036,bye,bad,5.7260475,4.7735114
707,boy,cowboy,5.7253623,4.002893
2637,clean,any,5.7227798,2.245556
4008,pajamas,minemy,5.721242,4.642491
3128,boat,fine,5.719047,2.7542915
8397,pretty,hungry,5.709665,4.6188245
2577,nose,cry,5.697769,3.1741562
6823,see,fall,5.696168,4.980075
6179,lamp,pretend,5.6960893,5.3706355
29,finish,sad,5.695177,4.1961274
8104,elephant,cloud,5.6947985,5.3241124
7631,bad,book,5.6942973,0.040757984
7513,fall,gift,5.6928535,1.0907354
1492,puppy,give,5.6924286,0.9444842
6461,touch,jeans,5.690215,5.0381894
8649,police,jacket,5.689148,0.64220405
6623,rain,sticky,5.688352,1.2076526
2668,pajamas,please,5.687633,5.4648967
7476,morning,hat,5.6830072,5.5519795
1639,after,jeans,5.681008,2.1901994
6647,zipper,any,5.679128,2.2172475
4107,mouth,glasswindow,5.678372,4.417699
7210,time,icecream,5.6775756,-0.81017137
2110,up,brother,5.671084,3.7959895
1798,garbage,icecream,5.6691656,5.624546
6480,look,see,5.6677628,0.7078922
626,that,yesterday,5.663851,5.129074
6583,jacket,lion,5.6575556,3.8683336
779,drop,lamp,5.640882,5.3020253
1499,night,penny,5.6406446,2.5122912
5002,dog,another,5.6365113,3.939248
6249,person,fish,5.634994,2.874698
2236,on,gift,5.6332617,3.4472737
7662,another,tongue,5.63318,3.9294512
5466,tiger,there,5.630441,1.4900196
5418,frenchfries,dirty,5.6131473,1.8010231
211,after,another,5.611294,0.58034194
8479,sleep,pretty,5.605726,5.5310407
4554,cat,cut,5.602747,-0.88128966
8021,taste,finger,5.6021876,3.154646
3490,like,beside,5.5896254,-1.3084584
8722,fish,finish,5.588376,1.8255585
3062,mouth,tooth,5.583366,1.9783502
6086,minemy,fine,5.578423,3.2223337
3396,dance,horse,5.5738955,-4.463602
880,frenchfries,all,5.572232,3.8843687
4717,grandma,better,5.5720487,-0.03084717
3046,dry,arm,5.565587,2.706911
5126,fireman,elephant,5.561785,2.5119312
4921,not,pencil,5.5485992,0.38022047
9253,yes,yourself,5.546979,2.399679
3752,before,open,5.5363994,4.203442
3516,backyard,book,5.5361037,3.65375
4079,puzzle,jeans,5.535747,4.1321917
2726,pool,open,5.5349092,4.353137
7300,taste,lamp,5.517197,1.8779114
5427,no,fine,5.512505,5.4554486
2679,smile,mouth,5.5119324,3.5261188
3750,gift,feet,5.5011783,2.8784232
709,book,grandma,5.5004616,4.816332
4116,ride,stairs,5.497374,3.3507886
3367,finger,alligator,5.4946866,5.056206
1498,jeans,jacket,5.494494,4.4703403
6107,water,wet,5.4942245,4.140559
3058,frenchfries,mouth,5.4881096,2.3453882
3637,room,story,5.4869223,5.2519703
7801,outside,mad,5.484751,4.78392
8631,elephant,cloud,5.4833903,3.2940288
6582,food,backyard,5.4811416,0.5343007
3921,hungry,feet,5.477788,2.5580087
4391,feet,green,5.4746003,5.1677065
1918,book,boat,5.472803,3.662655
3862,go,wet,5.469492,5.2986226
2002,white,zebra,5.468287,1.5173945
4113,child,story,5.457334,3.731069
8642,animal,thirsty,5.4567695,3.3244958
7403,toothbrush,every,5.4567323,3.0164711
5961,see,kitty,5.4440336,5.1162333
2988,helicopter,dog,5.435264,2.437021
4298,bad,after,5.435189,0.7678046
6183,make,every,5.434133,1.1906539
5982,vacuum,outside,5.433997,1.5364679
2419,can,after,5.431153,1.5231011
8507,tree,go,5.426655,-0.18564792
5694,every,yourself,5.424956,3.9881964
2612,close,ear,5.4217,3.7924266
5309,sticky,cat,5.41273,5.1169057
8195,fireman,helicopter,5.412481,5.2505126
2113,before,please,5.411738,0.23386092
8377,no,go,5.411082,3.0236268
2158,hate,snack,5.4102936,4.3355923
5809,child,table,5.407277,2.540032
7013,ear,noisy,5.4017587,5.1947956
6478,smile,will,5.393998,0.15793103
3406,stairs,sticky,5.390384,4.640301
8653,moon,brother,5.3867083,4.4479246
5951,red,make,5.3851743,3.0859826
323,bird,sun,5.380872,-0.45202446
7989,elephant,grandpa,5.3804755,1.6703132
5495,now,why,5.3792043,5.2443886
6877,mom,grandma,5.377598,4.979517
1820,there,hesheit,5.368096,1.7929935
1953,glasswindow,before,5.3642654,1.616006
7670,hat,like,5.3554397,0.23883799
1303,haveto,blue,5.349859,-0.17899917
2525,cloud,fireman,5.3454404,3.384581
9209,pretend,wait,5.33959,2.2363286
4664,bee,hate,5.3387647,2.038431
5642,story,book,5.3324456,1.9494923
3192,bedroom,outside,5.332064,-0.8277667
6730,pool,pig,5.3246207,4.783974
7306,boat,book,5.323217,5.1923857
5696,bath,chair,5.3205433,-0.9347221
5525,sick,head,5.315913,3.1777854
1934,shirt,dance,5.3133965,3.11975
832,any,that,5.310732,3.7613678
4033,sleepy,sad,5.3048625,1.473664
520,sleepy,sleep,5.300938,3.4170694
2879,zipper,weus,5.3005505,4.0429187
8103,sticky,empty,5.2964945,1.3205739
824,another,minemy,5.294526,1.0210344
7824,bye,rain,5.2909665,2.1675613
4762,mad,beside,5.2906656,2.3375156
7204,smile,glasswindow,5.2861595,0.82508796
7295,shoe,on,5.2632027,2.9941177
8403,same,down,5.241216,1.3328314
7835,stay,same,5.239572,3.7022474
4552,farm,elephant,5.2379174,4.3642116
8543,noisy,chair,5.2326612,0.7624646
5174,farm,car,5.227746,3.2301037
1769,goose,jump,5.2255797,4.6949635
8091,open,book,5.2236404,3.6162214
6622,grandma,flag,5.219187,4.7440434
6630,night,feet,5.215696,0.2719251
2683,quiet,cowboy,5.2153625,-0.29355693
943,puppy,boy,5.2126265,1.6570491
7127,hide,closet,5.212073,4.0125318
3283,home,owie,5.208598,-0.6779633
8680,dirty,mouse,5.202496,3.4550855
3385,not,bye,5.199866,5.047395
7767,animal,morning,5.1943936,4.7441883
6414,hesheit,mouth,5.192274,3.8443463
4566,flower,nap,5.184523,1.978358
5697,have,every,5.165445,0.3314496
9181,shirt,jeans,5.1578918,1.0284432
5292,fast,dog,5.146863,4.427349
202,same,quiet,5.1445785,4.9415526
1536,grass,give,5.143405,1.6350006
9204,down,green,5.1218314,4.4701033
747,cloud,touch,5.1114206,1.5563623
6205,dog,read,5.09923,2.1291316
1131,fine,person,5.097439,-0.6144974
9040,sad,sleep,5.0907903,1.2479286
7097,shower,penny,5.0864797,0.27066576
2805,nose,doll,5.0738955,3.811906
5626,zipper,pen,5.073462,0.96360403
2077,sick,happy,5.073249,1.8554405
8804,kiss,can,5.0628386,1.9429417
1496,weus,car,5.04971,1.6527808
4894,owl,drink,5.041656,4.550993
6974,sun,shower,5.040097,3.5971177
9232,cut,zebra,5.039509,0.35167897
9297,hesheit,hate,5.035591,3.808206
6909,balloon,loud,5.0344925,3.9871805
1241,giraffe,any,5.0291333,4.8405433
6507,hair,dad,5.0288754,4.9433193
6991,aunt,every,5.0237727,4.9125686
2691,hate,pool,5.0225234,0.7008316
7959,ear,before,5.0183964,1.2437162
5672,brown,room,5.0181465,-0.85089886
8568,red,say,5.015848,4.210605
4115,any,car,5.0138226,4.8089986
463,bedroom,wolf,5.007255,-0.4535294
1790,stuck,lamp,5.00454,2.475502
2307,smile,cheek,5.002057,3.9882174
625,napkin,pen,4.996789,3.4903073
4064,gift,yucky,4.975347,0.9977555
6470,frenchfries,cloud,4.9608216,3.677738
6605,give,like,4.951375,0.9571651
1027,there,yes,4.944023,2.7604337
5979,wake,any,4.9401164,3.912841
4263,quiet,read,4.9381933,4.1045084
9313,police,pool,4.930703,0.13647613
6419,will,grandpa,4.928873,3.619251
5662,see,find,4.8993187,-0.34729868
7918,rain,cloud,4.89588,4.7094913
6207,grandma,puzzle,4.890905,0.6447187
1070,nap,fall,4.8668103,4.2065997
2902,old,garbage,4.8553686,2.095336
5082,hide,any,4.8538804,3.3539145
2642,bug,snack,4.847702,3.6751022
8593,on,table,4.824933,2.3504963
7011,tomorrow,gift,4.81828,3.1770294
7426,jeans,girl,4.802187,4.3352857
1289,better,cry,4.800721,1.3275827
5926,empty,touch,4.7876654,4.209311
4572,beside,zipper,4.77965,2.4825356
7714,face,give,4.775585,-0.8533206
3617,touch,yucky,4.7554874,3.8429246
7036,hear,dryer,4.754887,0.6306882
2630,police,fish,4.7405663,1.7414571
9074,puppy,open,4.7375054,0.5569997
8015,pretend,not,4.731081,4.104758
7243,grandma,arm,4.7278905,4.0578017
665,fine,talk,4.7222543,4.537686
1695,hide,fine,4.7009816,-0.31730932
2350,apple,tongue,4.70008,4.5718536
869,hat,fireman,4.691255,1.8171594
2036,owie,pig,4.6841855,0.7867518
4844,elephant,story,4.6829643,3.7014961
6653,toy,penny,4.6763124,0.30460083
1391,water,refrigerator,4.6710863,3.330837
3859,thirsty,puzzle,4.6702056,1.4780256
5729,sticky,stuck,4.6669364,0.55964756
2987,all,mitten,4.6615252,4.0025663
3881,like,hungry,4.6373825,3.2148218
4585,face,chin,4.632443,2.0585105
4265,cereal,potty,4.6314187,2.7422154
9309,pretty,look,4.627264,4.037436
5226,night,puppy,4.6255875,0.5423948
2322,room,grass,4.6236243,0.41354254
5293,that,alligator,4.6196623,1.0011554
4390,give,clean,4.6182375,4.5418754
8647,cut,puzzle,4.611734,4.315805
702,night,on,4.6058655,3.6829016
5326,rain,dance,4.600214,3.248811
6242,lamp,drop,4.587239,3.5771406
6058,can,snack,4.5826473,-0.12209751
1203,night,after,4.5758696,1.7351878
5479,face,hat,4.572508,1.0466979
8222,read,hesheit,4.57058,-0.51543146
7427,zipper,vacuum,4.5658307,1.6654651
7096,refrigerator,icecream,4.542898,0.61847335
5584,finger,please,4.535996,-0.073382095
1660,milk,book,4.5274205,2.9392755
2109,stay,clean,4.5200663,-0.85191065
1602,weus,all,4.516253,4.1726494
8165,lamp,pen,4.5147448,-0.32195437
6756,yellow,same,4.4979377,2.67979
1737,read,apple,4.4950876,0.30214903
5832,zipper,animal,4.482336,1.1877089
7985,drop,time,4.467234,0.6161898
9230,hungry,weus,4.4620924,0.1784654
5357,morning,pencil,4.4615154,-0.49709436
20,chin,quiet,4.455244,0.6816706
7386,jeans,who,4.450623,3.0073247
7151,sun,uncle,4.432734,2.789802
7310,open,closet,4.424699,3.9435704
5742,hello,into,4.404442,2.6614478
7098,morning,puppy,4.4008837,-0.3213724
1912,after,garbage,4.397201,0.9913566
2473,cry,night,4.386027,-1.635504
506,weus,red,4.363661,1.2667285
8357,fine,many,4.354873,4.269778
8683,cow,hen,4.3404856,4.162113
2990,nap,can,4.3167105,4.213756
3615,jeans,donkey,4.309035,4.139576
6921,hesheit,fall,4.308774,2.837298
995,all,child,4.3041778,3.370343
6228,eye,toy,4.2574596,-0.03519269
6776,wake,dirty,4.2522216,-1.1131141
558,eye,many,4.2332153,-1.784449
3868,bath,police,4.231957,-2.3408911
6565,wait,mitten,4.225747,3.5253015
3874,no,rain,4.212705,1.0882269
9019,dad,dryer,4.182553,-0.11341548
2332,bed,pool,4.1738763,1.6723775
7393,not,shoe,4.1580915,-1.4534956
3735,police,shhh,4.083245,1.6229199
1914,red,elephant,4.04123,-0.004655838
2486,child,grandma,4.003012,3.1697736
7886,girl,cut,3.97189,2.4432695
964,green,cute,3.9599004,1.9832186
4325,who,finger,3.9233327,0.639525
3788,blow,owie,3.913364,-0.40443382
1071,first,jacket,3.8548572,-0.8846461
5484,all,napkin,3.8278646,2.0457616
2498,fine,head,3.8246715,1.8019264
1993,sleep,kiss,3.7533631,0.0052784383
4141,brother,better,3.7232022,0.9203182
5524,chair,thirsty,3.7066474,-0.15988642
6800,finish,bedroom,3.698449,1.6989152
1306,there,alligator,3.6933773,0.08648783
8991,before,white,3.6749744,3.0558183
4230,first,person,3.6702566,0.74406296
7016,alligator,garbage,3.6155972,0.4556377
1373,boat,now,3.551085,-0.6837343
1423,giraffe,farm,3.4030998,0.26591977
1449,hat,animal,3.3542845,1.1502881
6957,because,another,3.3249683,1.5466585
9301,elephant,bad,3.1614704,-0.8882661
6306,thankyou,book,3.1541889,1.8483468
